prestataire;theme;place;date;Restaurant;Boutique;Music;logoboutique
africanWedding;african;indoor;9;http://au-braise-d-or.zenchef.com/;http://www.sagnsefrance.com/robe-africaine-mariage-france-fr.html;https://www.facebook.com/PrinceArtsMusic/;http://www.instantprecieux.fr/media//mariage-couple-traditionnel-senegal.jpg
europeanWedding;european;indoor;6;http://www.pont-bernet.fr/;http://www.bella.fr/;http://www.christophe-mae.fr/;http://www.huruguen.fr/mariage/wp-content/uploads/2014/03/bride-kissing-wedding-mariage-bordeaux-seance-couple-gironde-bordeaux-libourne-sebastien-huruguen-photographe.jpg
orientalWedding;oriental;indoor;6;http://www.mabrouk.fr/restaurantlapalmeraie/;https://www.orientale-robe.fr/;https://www.facebook.com/Tahour-192470600789686/;https://s-media-cache-ak0.pinimg.com/originals/5c/e8/0e/5ce80eb9b5f918f8f48c9d605f8c170c.jpg
africanCorporation;african;outdoor;7;http://au-braise-d-or.zenchef.com/;http://www.sagnsefrance.com/robe-africaine-mariage-france-fr.html;https://www.facebook.com/PrinceArtsMusic/;http://www.instantprecieux.fr/media//mariage-couple-traditionnel-senegal.jpg
europeanCorporation;european;outdoor;7;https://www.domaine-de-la-marne.com/;http://www.bella.fr/;http://www.christophe-mae.fr/;http://www.huruguen.fr/mariage/wp-content/uploads/2014/03/bride-kissing-wedding-mariage-bordeaux-seance-couple-gironde-bordeaux-libourne-sebastien-huruguen-photographe.jpg
orientalCorporation;oriental;outdoor;8;http://www.mabrouk.fr/restaurantlapalmeraie/;https://www.orientale-robe.fr/;https://www.facebook.com/Tahour-192470600789686/;https://s-media-cache-ak0.pinimg.com/originals/5c/e8/0e/5ce80eb9b5f918f8f48c9d605f8c170c.jpg
beautifulAfricanWedding;african;indoor;9;http://au-braise-d-or.zenchef.com/;http://www.sagnsefrance.com/robe-africaine-mariage-france-fr.html;https://www.facebook.com/PrinceArtsMusic/;http://www.instantprecieux.fr/media//mariage-couple-traditionnel-senegal.jpg
beautifulEuropeanWedding;european;indoor;10;http://www.pont-bernet.fr/;http://www.bella.fr/;http://www.christophe-mae.fr/;http://www.huruguen.fr/mariage/wp-content/uploads/2014/03/bride-kissing-wedding-mariage-bordeaux-seance-couple-gironde-bordeaux-libourne-sebastien-huruguen-photographe.jpg
beautifulOrientalWedding;oriental;indoor;10;http://www.mabrouk.fr/restaurantlapalmeraie/;https://www.orientale-robe.fr/;https://www.facebook.com/Tahour-192470600789686/;https://s-media-cache-ak0.pinimg.com/originals/5c/e8/0e/5ce80eb9b5f918f8f48c9d605f8c170c.jpg
beautifulAfricanWedding;african;outdoor;7;http://au-braise-d-or.zenchef.com/;http://www.sagnsefrance.com/robe-africaine-mariage-france-fr.html;https://www.facebook.com/PrinceArtsMusic/;http://www.instantprecieux.fr/media//mariage-couple-traditionnel-senegal.jpg
beautifulEuropeanWedding;european;outdoor;7;https://www.domaine-de-la-marne.com/;http://www.bella.fr/;http://www.christophe-mae.fr/;http://www.huruguen.fr/mariage/wp-content/uploads/2014/03/bride-kissing-wedding-mariage-bordeaux-seance-couple-gironde-bordeaux-libourne-sebastien-huruguen-photographe.jpg
beautifulOrientalWedding;oriental;outdoor;12;http://www.mabrouk.fr/restaurantlapalmeraie/;https://www.orientale-robe.fr/;https://www.facebook.com/Tahour-192470600789686/;https://s-media-cache-ak0.pinimg.com/originals/5c/e8/0e/5ce80eb9b5f918f8f48c9d605f8c170c.jpg
